{"loss": [0.04374, 0.03985, 0.03687, 0.03266, 0.02956, 0.0276, 0.03019, 0.03082, 0.03198, 0.03331, 0.03206, 0.04292, 0.03786, 0.04547, 0.04798, 0.05806, 0.05594, 0.06898, 0.06721, 0.07422, 0.08518, 0.08825, 0.07117, 0.09535, 0.08986, 0.10155, 0.11975, 0.12231, 0.1273, 0.1286], "0": {"precision": [0.5718, 0.5968, 0.6478, 0.7071, 0.7431, 0.7699, 0.777, 0.7832, 0.7729, 0.7874, 0.7771, 0.7762, 0.7928, 0.794, 0.8029, 0.8205, 0.8092, 0.8059, 0.8186, 0.8385, 0.8198, 0.8129, 0.831, 0.8258, 0.8231, 0.8293, 0.8437, 0.8421, 0.8397, 0.8412], "recall": [0.7448, 0.8447, 0.8605, 0.8526, 0.8556, 0.8605, 0.8338, 0.822, 0.8516, 0.8497, 0.8447, 0.8437, 0.8665, 0.8694, 0.8625, 0.8408, 0.8388, 0.8338, 0.8437, 0.8318, 0.8417, 0.8467, 0.822, 0.8437, 0.8467, 0.8506, 0.8328, 0.8388, 0.8447, 0.8437], "f1-score": [0.6469, 0.6994, 0.7392, 0.7731, 0.7954, 0.8127, 0.8044, 0.8021, 0.8104, 0.8173, 0.8095, 0.8085, 0.828, 0.83, 0.8317, 0.8305, 0.8237, 0.8196, 0.831, 0.8352, 0.8306, 0.8295, 0.8265, 0.8346, 0.8347, 0.8398, 0.8382, 0.8404, 0.8422, 0.8425], "AP": [0.6026, 0.6802, 0.7426, 0.7995, 0.8419, 0.8653, 0.867, 0.8575, 0.873, 0.8686, 0.8641, 0.8616, 0.879, 0.8885, 0.8899, 0.8915, 0.8943, 0.8732, 0.8986, 0.904, 0.8902, 0.8821, 0.8995, 0.8883, 0.8847, 0.8908, 0.8925, 0.8959, 0.8937, 0.8919]}, "1": {"precision": [0.6346, 0.7348, 0.7926, 0.8147, 0.83, 0.8421, 0.8209, 0.8129, 0.835, 0.8369, 0.8301, 0.829, 0.8529, 0.8559, 0.8517, 0.8369, 0.8328, 0.828, 0.8389, 0.8333, 0.8376, 0.8402, 0.824, 0.8404, 0.8423, 0.8469, 0.8351, 0.8396, 0.8439, 0.8434], "recall": [0.4427, 0.4298, 0.5326, 0.6472, 0.7045, 0.7431, 0.7609, 0.7727, 0.75, 0.7708, 0.7579, 0.7569, 0.7737, 0.7747, 0.7885, 0.8162, 0.8024, 0.7994, 0.8132, 0.8399, 0.8152, 0.8053, 0.833, 0.8221, 0.8182, 0.8251, 0.8458, 0.8429, 0.8389, 0.8409], "f1-score": [0.5215, 0.5424, 0.6371, 0.7214, 0.7622, 0.7895, 0.7897, 0.7923, 0.7902, 0.8025, 0.7924, 0.7913, 0.8114, 0.8133, 0.8189, 0.8264, 0.8173, 0.8135, 0.8259, 0.8366, 0.8262, 0.8224, 0.8285, 0.8312, 0.8301, 0.8358, 0.8405, 0.8412, 0.8414, 0.8422], "AP": [0.6092, 0.7061, 0.7754, 0.8379, 0.8662, 0.8836, 0.885, 0.8809, 0.8913, 0.8871, 0.8957, 0.8849, 0.9028, 0.9081, 0.9042, 0.9067, 0.9059, 0.8978, 0.9045, 0.9013, 0.8979, 0.8933, 0.9067, 0.8972, 0.9025, 0.8963, 0.8896, 0.889, 0.8894, 0.8884]}, "accuracy": [0.5937, 0.6372, 0.6965, 0.7499, 0.78, 0.8018, 0.7973, 0.7973, 0.8008, 0.8102, 0.8013, 0.8003, 0.8201, 0.822, 0.8255, 0.8285, 0.8206, 0.8166, 0.8285, 0.8359, 0.8285, 0.826, 0.8275, 0.8329, 0.8324, 0.8379, 0.8393, 0.8408, 0.8418, 0.8423], "mAP": [0.6059, 0.6931, 0.759, 0.8187, 0.854, 0.8745, 0.876, 0.8692, 0.8821, 0.8779, 0.8799, 0.8733, 0.8909, 0.8983, 0.897, 0.8991, 0.9001, 0.8855, 0.9015, 0.9026, 0.894, 0.8877, 0.9031, 0.8927, 0.8936, 0.8936, 0.891, 0.8924, 0.8916, 0.8901], "macro avg": {"precision": [0.6032, 0.6658, 0.7202, 0.7609, 0.7866, 0.806, 0.7989, 0.7981, 0.8039, 0.8121, 0.8036, 0.8026, 0.8229, 0.825, 0.8273, 0.8287, 0.821, 0.817, 0.8288, 0.8359, 0.8287, 0.8266, 0.8275, 0.8331, 0.8327, 0.8381, 0.8394, 0.8408, 0.8418, 0.8423], "recall": [0.5937, 0.6373, 0.6966, 0.7499, 0.7801, 0.8018, 0.7973, 0.7973, 0.8008, 0.8102, 0.8013, 0.8003, 0.8201, 0.8221, 0.8255, 0.8285, 0.8206, 0.8166, 0.8285, 0.8359, 0.8285, 0.826, 0.8275, 0.8329, 0.8324, 0.8379, 0.8393, 0.8408, 0.8418, 0.8423], "f1-score": [0.5842, 0.6209, 0.6881, 0.7472, 0.7788, 0.8011, 0.7971, 0.7972, 0.8003, 0.8099, 0.8009, 0.7999, 0.8197, 0.8217, 0.8253, 0.8284, 0.8205, 0.8166, 0.8284, 0.8359, 0.8284, 0.8259, 0.8275, 0.8329, 0.8324, 0.8378, 0.8393, 0.8408, 0.8418, 0.8423]}, "weighted avg": {"precision": [0.6032, 0.6658, 0.7203, 0.7609, 0.7866, 0.806, 0.7989, 0.7981, 0.804, 0.8121, 0.8036, 0.8026, 0.8229, 0.825, 0.8273, 0.8287, 0.821, 0.817, 0.8288, 0.8359, 0.8287, 0.8266, 0.8275, 0.8331, 0.8327, 0.8381, 0.8394, 0.8408, 0.8418, 0.8423], "recall": [0.5937, 0.6372, 0.6965, 0.7499, 0.78, 0.8018, 0.7973, 0.7973, 0.8008, 0.8102, 0.8013, 0.8003, 0.8201, 0.822, 0.8255, 0.8285, 0.8206, 0.8166, 0.8285, 0.8359, 0.8285, 0.826, 0.8275, 0.8329, 0.8324, 0.8379, 0.8393, 0.8408, 0.8418, 0.8423], "f1-score": [0.5842, 0.6209, 0.6881, 0.7472, 0.7788, 0.8011, 0.7971, 0.7972, 0.8003, 0.8099, 0.8009, 0.7999, 0.8197, 0.8216, 0.8253, 0.8284, 0.8205, 0.8166, 0.8284, 0.8359, 0.8284, 0.8259, 0.8275, 0.8329, 0.8324, 0.8378, 0.8393, 0.8408, 0.8418, 0.8423]}}