{"loss": [0.04426, 0.0412, 0.03851, 0.03479, 0.03108, 0.02727, 0.02402, 0.02134, 0.01874, 0.01657, 0.013, 0.00995, 0.00798, 0.0062, 0.0052, 0.00423, 0.0033, 0.00324, 0.00243, 0.00177, 0.00139, 0.00133, 0.0013, 0.00068, 0.0007, 0.00042, 9e-05, 2e-05, 0.0, 0.0], "0": {"precision": [0.5692, 0.5975, 0.6531, 0.7117, 0.755, 0.7924, 0.8211, 0.8446, 0.8654, 0.8818, 0.9112, 0.9384, 0.9491, 0.9605, 0.9671, 0.976, 0.98, 0.9825, 0.9865, 0.9903, 0.9932, 0.9935, 0.9935, 0.9975, 0.9962, 0.998, 0.999, 1.0, 1.0, 1.0], "recall": [0.612, 0.6625, 0.7077, 0.7448, 0.7883, 0.8195, 0.8445, 0.8628, 0.8808, 0.8968, 0.9213, 0.9403, 0.9517, 0.9613, 0.9698, 0.9752, 0.9812, 0.9828, 0.986, 0.9908, 0.9925, 0.994, 0.9938, 0.9978, 0.9955, 0.9978, 0.9998, 1.0, 1.0, 1.0], "f1-score": [0.5898, 0.6283, 0.6793, 0.7278, 0.7713, 0.8057, 0.8326, 0.8536, 0.873, 0.8892, 0.9162, 0.9393, 0.9504, 0.9609, 0.9684, 0.9756, 0.9806, 0.9826, 0.9862, 0.9905, 0.9929, 0.9938, 0.9936, 0.9976, 0.9959, 0.9979, 0.9994, 1.0, 1.0, 1.0], "AP": [0.5738, 0.6148, 0.6923, 0.7591, 0.8149, 0.8625, 0.8976, 0.9221, 0.9407, 0.9552, 0.9724, 0.9847, 0.9894, 0.9941, 0.9959, 0.9972, 0.9982, 0.9983, 0.9985, 0.9994, 0.9997, 0.9997, 0.9997, 0.9999, 0.9999, 1.0, 1.0, 1.0, 1.0, 1.0]}, "1": {"precision": [0.581, 0.6218, 0.6815, 0.7327, 0.7788, 0.8133, 0.8401, 0.8599, 0.8787, 0.8951, 0.9205, 0.9402, 0.9517, 0.9613, 0.9697, 0.9753, 0.9812, 0.9828, 0.986, 0.9908, 0.9925, 0.994, 0.9938, 0.9978, 0.9955, 0.9978, 0.9998, 1.0, 1.0, 1.0], "recall": [0.5373, 0.5543, 0.6245, 0.6986, 0.7446, 0.7855, 0.8162, 0.8414, 0.8632, 0.8799, 0.9104, 0.9383, 0.9491, 0.9605, 0.967, 0.976, 0.98, 0.9825, 0.9865, 0.9903, 0.9933, 0.9935, 0.9935, 0.9975, 0.9963, 0.998, 0.999, 1.0, 1.0, 1.0], "f1-score": [0.5583, 0.5861, 0.6517, 0.7152, 0.7613, 0.7992, 0.828, 0.8506, 0.8709, 0.8874, 0.9154, 0.9393, 0.9504, 0.9609, 0.9684, 0.9757, 0.9806, 0.9826, 0.9863, 0.9905, 0.9929, 0.9938, 0.9936, 0.9976, 0.9959, 0.9979, 0.9994, 1.0, 1.0, 1.0], "AP": [0.6085, 0.6581, 0.7252, 0.7913, 0.8431, 0.886, 0.913, 0.9324, 0.949, 0.9594, 0.9754, 0.9852, 0.9905, 0.994, 0.9958, 0.9971, 0.9982, 0.998, 0.999, 0.9994, 0.9996, 0.9996, 0.9997, 0.9999, 0.9999, 1.0, 1.0, 1.0, 1.0, 1.0]}, "accuracy": [0.5746, 0.6084, 0.6661, 0.7217, 0.7664, 0.8025, 0.8304, 0.8521, 0.872, 0.8883, 0.9158, 0.9393, 0.9504, 0.9609, 0.9684, 0.9756, 0.9806, 0.9826, 0.9863, 0.9905, 0.9929, 0.9938, 0.9936, 0.9976, 0.9959, 0.9979, 0.9994, 1.0, 1.0, 1.0], "mAP": [0.5911, 0.6365, 0.7087, 0.7752, 0.829, 0.8742, 0.9053, 0.9273, 0.9449, 0.9573, 0.9739, 0.9849, 0.9899, 0.9941, 0.9958, 0.9971, 0.9982, 0.9981, 0.9987, 0.9994, 0.9996, 0.9996, 0.9997, 0.9999, 0.9999, 1.0, 1.0, 1.0, 1.0, 1.0], "macro avg": {"precision": [0.5751, 0.6097, 0.6673, 0.7222, 0.7669, 0.8029, 0.8306, 0.8523, 0.8721, 0.8884, 0.9159, 0.9393, 0.9504, 0.9609, 0.9684, 0.9756, 0.9806, 0.9826, 0.9863, 0.9905, 0.9929, 0.9938, 0.9936, 0.9976, 0.9959, 0.9979, 0.9994, 1.0, 1.0, 1.0], "recall": [0.5747, 0.6084, 0.6661, 0.7217, 0.7664, 0.8025, 0.8304, 0.8521, 0.872, 0.8883, 0.9158, 0.9393, 0.9504, 0.9609, 0.9684, 0.9756, 0.9806, 0.9826, 0.9863, 0.9905, 0.9929, 0.9938, 0.9936, 0.9976, 0.9959, 0.9979, 0.9994, 1.0, 1.0, 1.0], "f1-score": [0.5741, 0.6072, 0.6655, 0.7215, 0.7663, 0.8024, 0.8303, 0.8521, 0.8719, 0.8883, 0.9158, 0.9393, 0.9504, 0.9609, 0.9684, 0.9756, 0.9806, 0.9826, 0.9863, 0.9905, 0.9929, 0.9938, 0.9936, 0.9976, 0.9959, 0.9979, 0.9994, 1.0, 1.0, 1.0]}, "weighted avg": {"precision": [0.5751, 0.6097, 0.6673, 0.7222, 0.7669, 0.8029, 0.8306, 0.8523, 0.8721, 0.8884, 0.9159, 0.9393, 0.9504, 0.9609, 0.9684, 0.9756, 0.9806, 0.9826, 0.9863, 0.9905, 0.9929, 0.9938, 0.9936, 0.9976, 0.9959, 0.9979, 0.9994, 1.0, 1.0, 1.0], "recall": [0.5746, 0.6084, 0.6661, 0.7217, 0.7664, 0.8025, 0.8304, 0.8521, 0.872, 0.8883, 0.9158, 0.9393, 0.9504, 0.9609, 0.9684, 0.9756, 0.9806, 0.9826, 0.9863, 0.9905, 0.9929, 0.9938, 0.9936, 0.9976, 0.9959, 0.9979, 0.9994, 1.0, 1.0, 1.0], "f1-score": [0.574, 0.6072, 0.6655, 0.7215, 0.7663, 0.8024, 0.8303, 0.8521, 0.8719, 0.8883, 0.9158, 0.9393, 0.9504, 0.9609, 0.9684, 0.9756, 0.9806, 0.9826, 0.9863, 0.9905, 0.9929, 0.9938, 0.9936, 0.9976, 0.9959, 0.9979, 0.9994, 1.0, 1.0, 1.0]}}