{"train_aps": [[0.4810481232610364, 0.6565982722504073], [0.4600928128999392, 0.5162794041808365], [0.49285272400191027, 0.512213104692698], [0.5318283824933483, 0.5315667974400595], [0.5100979141244734, 0.5224950056839572], [0.47491438914133793, 0.49358788944122656], [0.5058663139294038, 0.4681207102672321], [0.4952341381138923, 0.5344973615204147], [0.5512513483231186, 0.5635601674141156], [0.500435567869006, 0.49241133346066934], [0.49136212200703017, 0.5080302869608755], [0.5407493103390093, 0.5453057731882991], [0.5058413597980849, 0.5234410450231394], [0.5305925549395253, 0.5372933577046619], [0.4980051799486749, 0.5328996001790647], [0.4797252848501796, 0.47067396909942494], [0.4888609908854471, 0.4872895047265492], [0.4845247956873784, 0.5019249937024592], [0.4793093565446112, 0.48462207999614115], [0.5010633878110378, 0.49735899155046526]], "train_f1": [0.5244762391415432, 0.5196015834503894, 0.4540441176470589, 0.4696834425936791, 0.5099885189437429, 0.5252040816326531, 0.4745330203123405, 0.494949494949495, 0.45448979591836736, 0.5401107736287296, 0.505, 0.47474747474747475, 0.4898859781139199, 0.4342857142857143, 0.5050505050505051, 0.5757142857142857, 0.5605948524347626, 0.5302910491544015, 0.5656565656565656, 0.5454081632653061], "train_loss": [0.035617050122131, 0.013025528591389607, 0.010277302606464034, 0.008891041748075174, 0.0067131475385541865, 0.013145218262298388, 0.006853998746873454, 0.003112192115172593, 0.009747662259303411, 0.008105376824698966, 0.002787650880319151, 0.006278752862014855, 0.001334262841305874, 0.0027833645669461202, 0.001917352829354279, 0.0018848922471703976, 0.003570390142020628, 0.001263778670832063, 0.00198240377034785, 0.005085608565643655], "train_map": [0.5688231977557219, 0.48818610854038785, 0.5025329143473041, 0.5316975899667039, 0.5162964599042152, 0.4842511392912823, 0.486993512098318, 0.5148657498171535, 0.5574057578686171, 0.4964234506648377, 0.4996962044839528, 0.5430275417636542, 0.5146412024106122, 0.5339429563220937, 0.5154523900638698, 0.4751996269748023, 0.48807524780599815, 0.4932248946949188, 0.48196571827037615, 0.4992111896807515], "valid_aps": [[0.988685894376903, 0.9677205863079897], [0.9879387622611193, 0.964498812548098], [0.9928906968657485, 0.9856498319477093], [0.9920418452229803, 0.9869069521846737], [0.9884496574351531, 0.9554378506270014], [0.9902999701759778, 0.9535267583325319], [0.9890675855822751, 0.9573086389572855], [0.990191104389167, 0.9530620398956883], [0.9922198521790005, 0.9599897970058799], [0.9915963190555928, 0.9590666909363711], [0.9926940807658982, 0.9636973931065881], [0.9940945257011732, 0.9618471563256171], [0.993210895479049, 0.9611503140365907], [0.9939896441808328, 0.9617537728172457], [0.9934019610836653, 0.9611578765817185], [0.9924027527374373, 0.9603881896427817], [0.9929389828515484, 0.9608293802271571], [0.9936734416604026, 0.9614730844682797], [0.9940541154117657, 0.9696758534822969], [0.9944505687682169, 0.9700721835598429]], "valid_f1": [0.9343283582089552, 0.9444089946144618, 0.9646455628395785, 0.9444316877152699, 0.9442724458204335, 0.9443749201889925, 0.9494485294117647, 0.9494949494949495, 0.9646383467278989, 0.9646455628395785, 0.9646455628395785, 0.9848480983598193, 0.969684597325712, 0.9595918367346938, 0.9747468305996989, 0.9646383467278989, 0.9696969696969697, 0.9646455628395785, 0.969684597325712, 0.9747468305996989], "valid_loss": [0.01023734813894738, 0.010386856376296945, 0.007791076208267246, 0.010014185218629661, 0.01340664811479398, 0.010619222986126185, 0.012832467039727201, 0.009509974055820042, 0.008310146610995736, 0.009589614816988357, 0.008755329667091973, 0.007769011050425094, 0.00836652960402496, 0.007634651292153079, 0.0077230639078400345, 0.008616928453322011, 0.007781663514447935, 0.007555989633229647, 0.007870362638825118, 0.006662477059477959], "valid_map": [0.9782032403424463, 0.9762187874046087, 0.9892702644067288, 0.989474398703827, 0.9719437540310772, 0.9719133642542548, 0.9731881122697803, 0.9716265721424276, 0.9761048245924402, 0.9753315049959819, 0.9781957369362431, 0.9779708410133952, 0.9771806047578198, 0.9778717084990393, 0.9772799188326919, 0.9763954711901095, 0.9768841815393527, 0.9775732630643412, 0.9818649844470313, 0.98226137616403]}