{"train_aps": [], "train_f1": [], "train_loss": [], "train_map": [], "valid_aps": [[0.9920418452229803, 0.9869069521846737]], "valid_f1": [0.9595298926928973], "valid_loss": [0.010014185764252989], "valid_map": [0.989474398703827]}